user_id,transaction_amount,days_active
1,23.463404498842955,207.10804003733014
2,150.50607154587604,146.58622565159595
3,65.83728467727246,215.20791404023853
4,45.64712768879766,224.42342981135292
5,8.481243523117314,222.3916179172416
6,8.479814595730259,243.23122902218486
7,2.991938430434034,233.35688618195616
8,100.56154322399698,218.36720316913747
9,45.954107681363226,197.19337154165413
10,61.562503085229515,133.56156265936033
11,1.0399653999569312,217.18472876530342
12,175.1778737579156,208.30750748652446
13,89.32147716773375,210.86315348781494
14,11.93438126244735,148.93005696718762
15,10.033949437483168,156.7577383836695
16,10.130571141612853,242.12611413331615
17,18.137686473023855,198.4177938457338
18,37.19639154304272,227.26002789490497
19,28.27685333901683,201.13273504521845
20,17.211149627697075,201.19024557982982
21,47.318543694989934,237.5313522390399
22,7.511726436366933,179.35821087130503
23,17.275775600120113,203.84483107763933
24,22.81386091104235,181.5089884517983
25,30.446734392988752,182.62015090270737
26,76.8968005515456,187.63311506125441
27,11.136793106434514,208.88535086534853
28,36.10145775165638,180.8500551334609
29,44.875236065488025,250.23024502294084
30,2.3781924878204275,164.21570791121985
31,46.7666510324805,192.52513423354563
32,9.348062598870822,182.410757669033
33,3.363196543965212,257.8791153741493
34,148.68438967534655,207.86219106046298
35,168.53151712305862,241.2737815787454
36,82.61657864064384,140.5775850785211
37,599.4249689484512,210.68201063477036
38,5.138865750125312,235.58523182493747
39,57.63753815493309,203.29135957101695
40,29.004542129269918,242.61921500261406
41,6.507611697722432,179.3084619959851
42,34.177361406707504,256.3738976074232
43,1.7496860721739542,291.95592494477
44,120.02114436965118,185.48645758241364
45,14.972888842034305,182.17989914396912
46,54.31278992824902,258.135379084708
47,18.677329082881183,263.1828858292285
48,36.70554479546143,179.08559891386926
49,39.561189899089875,183.1925273161657
50,10.219429975395288,188.7286156455797
51,174.64035663681133,146.2219795586289
52,74.61226885690704,163.25392214063208
53,140.25472096457912,159.83436932991728
54,112.60759987670983,169.28809739583485
55,45.55272061916375,198.61260450452875
56,127.47176896347025,209.36858930146082
57,4.6327729476557815,262.02001971256306
58,10.906734731563372,160.06583837044838
59,2.314098284341598,239.37289593906334
60,19.67660434015434,191.44044623097963
61,24.60651458971093,198.02145161390268
62,15.828022160441286,226.99277968666416
63,88.22789326204669,155.09111913750806
64,22.061349976493506,215.29638984736204
65,16.49014200671246,206.65808832852224
66,39.1203541603873,219.69805056032595
67,7.594907391031443,211.5667457563127
68,81.02417978873656,298.2120055964358
69,3.8737934405654504,174.49040062994737
70,216.70731697936597,178.7601217999273
71,73.97418881207557,175.07437894300944
72,11.076972025294298,177.7809152335898
73,0.2768710187967737,174.5045149077393
74,84.4948388743063,247.56066124430208
75,61.35479536935223,256.8201699195942
76,65.28314543939995,177.17014825002096
77,73.76072630217567,166.70577707583084
78,3.8464632756898176,218.85662225545616
79,22.194633620811626,177.91107822876114
80,6.157505230222482,225.31727271022044
81,99.42647858291113,208.116920834052
82,48.815059585618705,139.37023540011072
83,20.09094006256505,261.90020805320245
84,3.2834032902391446,271.8351069238209
85,18.624417520517685,175.48845238062455
86,19.665710659206567,184.49193760256063
87,65.39378919788705,211.4346156289962
88,50.744467946301,213.378271599481
89,109.11259562007574,226.3417709069132
90,31.95330666881549,280.408181550654
91,6.368619680775095,192.922110900238
92,62.45631721582997,168.06811021846184
93,71.5196376538432,144.82723087941892
94,41.19437474429144,170.76279840232323
95,73.69449833606822,198.6749210850481
96,34.0407365755139,271.7823145407115
97,36.98394193886335,179.29554803855314
98,27.890709695421368,208.95151806555594
99,1.2873886995056865,199.34308415708992
100,5.708371759593292,247.53573093792335
101,1.5966840646526912,301.0772970349449
102,50.58647754637747,178.76524908318717
103,18.869835439754993,180.42242229927112
104,35.52185885670951,241.76643508276288
105,119.06327649229877,227.27565958505247
106,14.336941149164916,273.86829302944136
107,26.41409874413363,223.35712741303854
108,70.43745737692917,185.62831636851763
109,12.990257845869701,223.62619322769237
110,4.0052139275088185,244.3481432233163
111,17.107015194352854,232.81928724789458
112,8.790417925003142,220.2909612442919
113,132.74750429403124,242.66698758356614
114,82.54435402422847,246.7718236178269
115,50.174709526026554,255.2863596415011
116,102.57598652604065,225.94839550358572
117,81.39844703702782,193.31527678732581
118,10.324773817931954,205.8685474573329
119,111.54067026177805,248.26035866033428
120,38.7549950983086,167.32257316051056
121,82.36741456517831,214.74693235491605
122,113.21213246431157,184.26644750690556
123,19.136535820915924,201.1497929173927
124,5.829608006192542,251.13807450429195
125,12.934337306969068,207.64396272079614
126,27.85288463743072,201.85746192624595
127,85.19148633194725,145.60575436080325
128,98.56724859399166,229.85014264108884
129,0.34882045908253234,225.819367245643
130,35.74380796692779,286.5301889322184
131,513.2596548727378,187.68887060187996
132,12.558366913791225,208.76601310655755
133,6.3840195772823405,209.9753473484302
134,20.595428993121622,263.098131190539
135,143.15605613455747,196.1881787045219
136,19.51919014407372,211.16086103081358
137,36.5726402880076,224.31586038866158
138,60.70434884404274,207.46436492625432
139,22.598724948348117,182.14265541797886
140,178.38990691458497,207.76359971593232
141,164.1004932270699,242.94526999439088
142,14.503064749610264,158.9393880235576
143,34.382963923192364,205.31878696587503
144,17.89652300395234,171.99516740243308
145,16.762483819054086,247.8018651569937
146,1.8792238882761265,139.072523808649
147,47.02460354912966,177.64312610913646
148,34.925981641481926,215.08847500258082
149,2.642554369019624,262.62096116937363
150,16.331296050518468,197.3699895570805
151,119.44304755446701,177.79201893227207
152,13.693027607103852,275.2462827776236
153,7.8265430492734875,142.07944398335025
154,33.613605473681815,112.04776173519673
155,212.20184913076298,217.6005780021333
156,13.85724067798631,179.91783102589557
157,55.75775051486467,159.15068731477146
158,71.69438131197315,228.33425789197412
159,13.566658616790289,209.75202855084797
160,65.1374464246158,177.43685477053086
161,22.9261399632152,148.78782405316423
162,50.02518738658856,234.89829313120578
163,50.19189135688191,226.00804711834644
164,38.36926249761744,196.03296544882468
165,4.7314579405810475,273.8654798419066
166,90.18223971231485,157.1966093469539
167,19.34051468336983,138.97899316301044
168,10.321605330377826,172.32367720475023
169,2.0814879897172602,198.17655934578008
170,44.68892022972917,209.73357797290768
171,56.592586713367446,190.3505576857468
172,0.836347377923531,214.08221586057186
173,35.88152922747442,149.93842303238225
174,12.841207352747883,257.7505841629304
175,51.806217077384595,196.71395286429726
176,9.580211126956687,244.6918332635251
177,58.71062637838595,213.70901385510817
178,24.44793504905509,218.27012876615134
179,138.01719089021535,222.79069120928816
180,7.3972206719639475,1089.5417120034629
181,20.856621699758588,225.70891039470175
182,6.022214251849821,253.16610120529725
183,129.30951985753617,207.8608467880588
184,104.9166853580497,228.36015030354048
185,14.916368503074445,196.41057222851094
186,53.93813695219573,257.6046886179789
187,84.97420363196106,172.9443079176292
188,40.506618034325406,272.0376173164326
189,37.713970509697305,198.39368197422627
190,13.843852271895157,142.76899591527808
191,4.886307023747037,205.12417659643157
192,113.75616125972614,172.75793370100476
193,115.33872138242134,233.62574195954898
194,50.13349597414424,173.89504082790435
195,20.702325490566196,182.15266267140882
196,21.478380790582197,124.41837076217877
197,64.7232714863559,181.90774723003693
198,113.70486745536262,103.04482693484174
199,109.05662846983066,136.64388706057107
200,75.67810959654516,230.4165862457719
201,51.36553467838525,231.4320063460333
202,4.394586309804203,217.01830247139858
203,8.814710734170575,161.32095427483148
204,114.41152500887529,198.0915457543208
205,46.624697348279476,199.85589843637726
206,0.46198028054972046,153.6654124322983
207,5.349845071797466,260.135932070686
208,54.45811936451205,235.09449162302684
209,0.25372185258985014,191.16143304681344
210,8.765790805209953,201.07543355978123
211,39.78489230694658,208.3353123179021
212,58.86576433274063,118.33060526302837
213,52.77207410676243,190.1129046991761
214,12.697493365401225,172.72063008008806
215,62.27086444492694,159.93519960420338
216,13.541187952640296,188.7559882845618
217,19.681745445904223,271.9074610739809
218,68.61787758328953,225.6337144506804
219,52.43869071513841,177.15284040868812
220,94.59780387317005,222.90331125424635
221,53.590664408488124,255.97421746344008
222,42.00221527936287,236.98534731651074
223,4.917853072420524,202.38521479680696
224,22.920815360351003,174.12252889177705
225,15.408007392941558,227.92893254454358
226,13.985010183121064,215.73941541686997
227,180.61547030814629,235.8077288011093
228,24.969374852001188,225.40687206727878
229,111.30276056242614,241.9821086127734
230,49.86671928682416,178.59059153757727
231,79.19126263441999,252.69576262537302
232,34.921766219438524,207.90398418769598
233,43.00779513207925,283.0104349050106
234,33.914671667084676,172.43248727641728
235,10.860744766261925,269.43855212661
236,64.0880901532902,207.9164313385059
237,16.478868418313148,173.94327985542208
238,1.2308240540344306,180.64456663782713
239,51.848439314763695,187.1861076722272
240,9.746678511241134,216.96663785607666
241,141.05415736366515,220.91341952142
242,153.87812063940117,177.05199984245684
243,123.17549423169207,199.0258163095607
244,23.114369824868337,285.6908143444746
245,0.7788657685972191,269.10172680402843
246,131.7761728665945,217.4529467869613
247,27.946913852653065,201.520139126728
248,170.0421008061028,204.80125306873046
249,165.68677380651027,224.54071890921665
250,95.86935085897095,159.0882973920638
251,17.438803408608013,189.7049385030662
252,24.31459660493468,133.25663704489642
253,95.23633262390399,215.96892490421118
254,19.057311571535855,225.88783758810965
255,9.28593081478774,180.67254150802503
256,40.68684960301139,262.9594705316013
257,137.5646735403521,150.96937347990635
258,59.541279887896856,141.4250047916072
259,42.205616821782776,208.9780727423989
260,5.111409867466144,241.88393210448618
261,47.726535775885885,1336.7855382915739
262,230.52848739231587,181.6446294852424
263,7.546029332113208,243.14723333725183
264,36.524766249075185,198.4596612199717
265,104.93043189503972,193.09490800236722
266,67.5017124176835,235.3463974994669
267,59.70372126508365,226.0929151365368
268,60.61437781122449,136.94431372063002
269,22.274617115747457,259.06161398903583
270,17.37810421335476,1786.4255791612864
271,82.86872536298561,174.97749193961883
272,83.06640995435144,215.83214133749635
273,100.89750236839575,219.76120745130956
274,122.23079809183182,210.42695063295628
275,35.80466184664519,177.9877938461832
276,-34.809218877559964,173.13506528247794
277,80.04749661542438,198.97783716034218
278,52.48595374439001,246.90916077037457
279,60.52753242557585,221.7440061837773
280,79.43097374771024,185.17542671655576
281,110.36617381733835,230.86794842593378
282,20.62412035688271,86.05829517479698
283,23.546839436377816,245.95062801488413
284,4.934801959368028,130.41144884887603
285,43.170701330471736,185.50236234387472
286,1.83020521054285,155.21320421495426
287,31.33034740910548,148.21274097116378
288,39.1147292843563,246.43307149514078
289,16.881533015726124,181.29195194752435
290,44.68162650730876,213.86015526922864
291,1.5487531050737273,198.12317684483264
292,1.903174964139469,219.08163308892486
293,86.46756847690679,203.07287564241022
294,22.329251210387234,148.6803110324572
295,6.7944520648713995,239.8506727778856
296,36.93267941395078,180.2497366735475
297,73.48239702228676,137.73672405360998
298,12.155900171495167,182.8753935613635
299,48.760980932824644,260.03039162537243
300,4.460551449494864,234.00886968453972
301,2.6532547955154704,186.05391462368564
302,37.89544703127605,186.02969182726284
303,38.89552213473711,187.1345979513047
304,50.7268724102308,283.06991934243365
305,64.74802814583421,215.27741808926214
306,186.17785043499964,217.20166588764278
307,36.31455596151781,241.2113381612737
308,19.50098570529894,209.55156636106054
309,79.28269898663432,189.63831416717187
310,15.792573271806864,192.14600603660088
311,28.899171563665067,197.13594962343745
312,4.085258429183495,198.51111053960634
313,1.2838804770737189,229.1051817454792
314,164.3689961634301,202.07783543229198
315,90.38838210575312,229.30560308862317
316,59.53213663996708,196.7713367956567
317,26.292982223257095,203.14540761264362
318,9.515326807105437,120.07197261871569
319,8.506037078642708,236.65310698809927
320,14.40029945632918,213.8595390359197
321,39.83953241566573,239.92040439438608
322,62.692464388838786,84.14978487225243
323,53.969517484839926,283.5349881912291
324,16.420613069449796,194.41641487379306
325,154.90517492781532,244.32731266950066
326,66.95087024376132,158.40376291497876
327,40.411524096566566,224.5109562025028
328,-47.30152360187175,157.86337747305376
329,27.20189327660257,175.0492415721678
330,14.233064613703176,276.5612541546715
331,22.00070646615562,192.37270396946613
332,70.90909238783566,208.69731492718893
333,0.7249039860402138,234.80270922755017
334,6.169019611998802,219.82727551890417
335,2.3547188476260263,206.01675620574306
336,2.0790725958646212,214.598440098649
337,96.71015168078293,296.136623409531
338,60.812030585034414,197.6952481186566
339,32.13922972064462,208.0439618685987
340,5.147845922390663,242.0261758403045
341,33.82589828986166,244.22103731831936
342,32.07251660471856,247.4812122224152
343,9.509735640011248,225.54920888116737
344,28.444956565116193,154.27980349078067
345,25.416830729160345,265.3372612920438
346,47.836121645656725,154.14618427925248
347,50.405726802045606,212.10541860956133
348,2.3181162010267364,169.8289659992257
349,23.469200232753078,197.4344661362803
350,49.15624973913643,213.1504964121392
351,34.97197263038949,212.8542886180109
352,1067.7421992464913,216.8768301694114
353,53.74873820274989,264.54845076234585
354,8.892643438365367,218.1413720605592
355,3.659121812812042,190.23373458837406
356,51.41970735544456,238.56348673153428
357,1.3434536333697213,247.57881955698562
358,44.067368890364534,150.8956873945203
359,140.8627727693576,223.8960027939943
360,42.83912227887722,228.04690969243592
361,24.56503461119536,188.0974598656003
362,51.541357892249096,255.02827253246477
363,30.647798702554564,193.99777651869894
364,39.44071802881601,205.0230581388617
365,141.90635731164997,193.0771270286452
366,24.396376367509358,200.6231619032587
367,162.4545930753377,156.14899652419194
368,117.87880918849596,142.39796469622823
369,10.8948130470225,263.78020252899887
370,3.594207765157851,166.12154606726688
371,5.311266774081511,160.3443060217477
372,0.9194943923616852,113.86439545585141
373,4.960250582787707,174.4415300924199
374,57.44374362885836,147.07640826370007
375,3.692481347321351,265.6806064054548
376,19.207859414743425,240.39268357370537
377,93.17630200486386,172.47398619289106
378,1.1773501590355755,290.0974322137723
379,84.22652530929793,239.27061947966376
380,16.554173341981475,187.0067446596551
381,6.287505991455382,100.02377140505708
382,59.65777042199567,291.6377029036297
383,49.56995882166101,144.41710132945616
384,104.97079070434734,134.18405012172434
385,66.41467893822002,240.90281728038562
386,81.34979029969891,297.5900962535709
387,16.56669311533693,255.37091274042072
388,9.766664802022348,222.55636480209438
389,69.43781980027124,223.79017366661145
390,82.21045916217098,234.1366223512123
391,232.85024450701152,230.35714359147062
392,26.60396770763025,211.24765695877502
393,23.262195598086635,204.16804415807505
394,74.89772516717935,197.4962748840191
395,20.836683546537657,169.84141644533295
396,133.5068962199663,188.77299692532904
397,97.74195785831246,132.2817274321846
398,28.017780472107983,196.06641492821
399,69.48923582477306,160.45635571396332
400,70.23164934275086,155.85642731136915
401,5.441875940335901,207.19576604613914
402,116.4222840433816,255.68009145378397
403,35.18537448783772,236.7326642400925
404,87.5666278761665,137.1799758550729
405,19.286771308225415,160.4148745371865
406,112.93952572729631,237.63084751952863
407,24.64942270300856,160.70050425846762
408,0.5448403307587739,191.01467400011902
409,117.89536484812268,222.00208396098208
410,4.786280527423763,161.2662218054546
411,19.232681669251946,204.2150202458384
412,149.84861915941428,146.6389802032718
413,150.39747700519948,175.94529424195144
414,42.59986455276319,212.7912773657015
415,49.96150401952623,136.28025065873322
416,29.75073318114288,217.61898951841596
417,17.35113893730985,199.21448804293274
418,19.924316727519486,222.0995981766859
419,55.816178996425315,208.95656536258645
420,69.79189368315386,254.56561719895376
421,78.40977081105743,205.0089801059163
422,77.94155159243708,182.82377835498988
423,4.7818473270159725,204.89190012129134
424,34.102479828667796,221.73192116145552
425,2.9640853224368895,201.95440281302817
426,39.87306578476964,201.6236676481553
427,29.127763749364178,171.92033248772978
428,109.33093321104006,173.48396329796208
429,21.609580973394255,143.89578912801227
430,6.225298877622543,269.9830697274776
431,7.715382727105968,150.2454705843486
432,71.67152735395469,172.2837920881637
433,48.14528398740175,171.2637093772321
434,5.330435612269272,235.79697507777766
435,4.392776083430254,188.2020128683189
436,60.36042358265499,249.90968290694934
437,3.777304476289857,173.06037503024527
438,86.25929269042906,211.15976648895207
439,61.24998765650025,166.58611786960972
440,4.242437529015604,285.8059651109355
441,4.432693388890335,152.4960632388195
442,215.77292810290461,212.3928284090811
443,23.441879127614477,225.35107523728394
444,23.152763023765623,216.55196389805994
445,83.77877016413386,192.58849364489166
446,147.10822689816217,194.80717201066295
447,213.4386969800992,201.75245887916438
448,69.99496150581709,194.11991993486046
449,23.601049980956283,238.55516467179638
450,4.359699684897863,288.4209200636541
451,75.06212702273129,177.70032859968666
452,40.86802037807465,145.2078808168369
453,27.601656265248685,196.46871806594982
454,118.41188377390452,303.18837350617275
455,5.894010398594012,167.85301728121078
456,33.92525546864771,265.5646722177627
457,0.5709294716270834,267.10803256305763
458,31.617718479146312,177.8564703316802
459,2.8975215532962886,222.75932316741103
460,6.324549796558561,265.1358649251415
461,6.251311600372814,184.8348903605005
462,52.37841932034858,191.85678559590554
463,68.52988587982364,176.73276344205425
464,43.77768886014343,159.40973077228534
465,163.73601045511884,174.02889819735972
466,23.48982889601336,151.04238932950975
467,16.823457871027937,201.36333873036904
468,101.47512690851148,169.20107075765432
469,12.654103386592668,209.3514364716299
470,165.14350531259555,137.76417415185492
471,0.6114472179484653,213.2352092885783
472,175.12634614397408,233.341158464357
473,2.2059499309250947,120.25057429714178
474,110.88606145800044,214.96226279390288
475,37.50716251746952,249.10675969893168
476,247.84143039630163,151.6143592523518
477,3.833068797722747,266.9028954735081
478,40.35548318666744,216.76076037464182
479,174.17876106280025,171.79952576966366
480,37.0221966590522,197.76923689369175
481,49.63141451905937,222.33307650086888
482,59.49506190583871,812.1608626259858
483,30.306387783847544,221.55023969785478
484,49.383708650401104,163.17305627682535
485,43.89129309028778,206.77443296144313
486,115.71163847413237,143.4514201238008
487,2.3255730871740488,195.550957546052
488,16.49213629493792,163.84369434140842
489,150.19980029304656,170.57880229640932
490,110.4837914226743,249.4437270084175
491,638.584025057601,243.65240482377075
492,48.396651436948865,224.36552483628708
493,16.243670994756506,156.30748941309685
494,10.420208071803225,187.34366201220791
495,31.152929940204938,248.52390799916733
496,21.797676730836667,205.66867654559618
497,43.81218530033215,292.7731815992678
498,4.04611422165924,215.73271357577488
499,183.24800612612836,207.68196465960125
500,214.19327877762692,187.63534143189995
501,59.893194095639466,205.3416361912913
502,38.403921720604494,193.90120654477823
503,18.518965077718,228.3243470675436
504,84.04535837439984,238.26809267178336
505,57.716479182440786,168.56042157968201
506,8.873682705024418,146.75068185768887
507,120.91505459995638,126.55178507586814
508,86.44972556836358,220.31965307650174
509,149.5869262516718,155.86533575304506
510,64.68020020980671,113.88437628190069
511,47.52020097956864,215.54314418123857
512,352.1066292855237,299.7199806973116
513,134.9509180773559,199.75716353840426
514,100.519619002346,233.53963097806567
515,2.3136469326561393,203.2731743419026
516,1.3360408433255682,196.04441387235428
517,23.617388079163142,236.76305931951075
518,83.18238614980432,188.38901823245394
519,218.2137734110084,210.6956925628761
520,8.150475496723985,212.86791224784054
521,45.08620651078679,173.27638185427804
522,23.973684987904807,239.6816939814609
523,175.18542771879814,193.00160973218365
524,92.29566037168173,169.77019362028622
525,91.10950232349286,221.46039374281614
526,31.620778556988675,164.0612807283585
527,26.79174681636745,201.12724629476514
528,15.96944460750306,199.63524013423185
529,2.901348192241811,243.43582263326311
530,3200.6818240052967,218.9879293151981
531,83.80587196249614,198.99892165019423
532,408.6222798909041,232.7106519680115
533,284.74367003721665,255.60830196069253
534,40.5325796320697,222.3124122540745
535,73.26415451031303,200.41410479373522
536,144.8085841437218,147.5265507059936
537,94.73860073546228,157.3954534769851
538,14.207622229057327,187.79101182581329
539,29.941341369993225,175.61951191362868
540,6.914817215654432,192.52114788058216
541,154.01118932208544,202.26599699588428
542,46.59238512943091,221.18771017426923
543,12.980186270924184,197.18004887763635
544,55.69147695866251,219.46006575304807
545,48.133521737153586,202.5789765924048
546,22.171023114855302,120.98133734584515
547,6.026956069923464,162.42658424724982
548,55.67206417595511,194.2364977711354
549,36.730521209301884,151.6122102863557
550,73.99035404802575,223.9971491998482
551,36.71549302117575,261.2300332937479
552,95.5885055654242,248.75047406789267
553,40.13770595107437,191.4622851627917
554,41.155729049007356,259.6290454739981
555,104.63793216148858,205.94669828808446
556,25.83236569940585,186.51656115527842
557,7.194397769514947,175.4638934583624
558,1.460251071604734,187.90121254047486
559,70.35287263312928,184.47292725835086
560,48.41994835303398,206.8166488950195
561,60.883267389893824,206.4229592419946
562,11.974074674672174,200.1218408061366
563,7.330627561413933,217.47752678985398
564,0.7325738132834391,247.62585099145366
565,21.584363075753462,237.98216541765294
566,44.56986878324723,140.60408126200386
567,24.899093378057536,97.8431546039218
568,28.76597814142156,237.37279644957096
569,117.25307614907207,145.32485206338316
570,21.405130721255585,191.00938392429265
571,36.076251403616055,153.19547895762562
572,76.54358688598508,127.9207824967992
573,25.254006564958985,221.65850912819153
574,48.65452376765427,230.36620641210587
575,99.15703218421534,176.9395839709312
576,149.3095207687334,96.35830831420361
577,7.954093965741799,178.15022206990068
578,130.58313815210394,215.67216021610187
579,33.87513904977653,140.84353724903485
580,14.936772717569788,207.33439679116623
581,30.729348368534875,199.38760603308017
582,195.68265487902957,223.17165998404354
583,33.924564633367986,204.78321473656612
584,19.93080160502499,161.07724236473777
585,50.17431369788298,247.86286006657966
586,13.731423385780147,193.6588170789212
587,3.944765248811752,198.90781841960273
588,6.898760985620793,162.66928163707217
589,6.850921203350356,182.26870995233958
590,8.237995077833649,164.60789143892396
591,7.473003303375828,193.08215760306308
592,51.204202553790324,268.4683392056937
593,10.037317851724081,145.12395428274573
594,21.206965789740263,135.45754408493036
595,113.54870625641789,258.84681309974434
596,32.11905708232968,191.62705291392535
597,55.06445418261903,173.23709045360334
598,9.456425855660825,241.59618749584305
599,10.677549049754752,175.77537841052543
600,60.50445844046969,273.04038854187746
601,9.252367203279043,227.11703485357077
602,16.327405931557276,180.4835436741719
603,9.740590874155398,286.2923285306201
604,4.644295393018378,175.77140307986647
605,6.427810674667627,229.68381488037227
606,30.881467168268955,211.97170321625967
607,11.554610317254829,252.06965157595192
608,22.649055775545925,262.46044786907413
609,35.00025923571652,201.28016596263066
610,58.62287170062711,169.86328518615267
611,2.0052865050007713,218.39888571756467
612,80.32471219130598,172.89138520991577
613,49.429684518364816,280.5354899010649
614,4.264771518816713,205.4614132433095
615,103.40673492440453,185.38713794751564
616,126.8346773189464,207.38721223459635
617,3.15114137800817,146.11494841881213
618,16.20884215643254,161.13543845957395
619,82.04675916133213,248.01655631777703
620,68.96786201071542,173.72422884114417
621,10.198981603090024,158.1235606927224
622,11.744951559076663,664.3983303032743
623,23.139255501218486,247.4281661865199
624,33.13312823343072,228.75813242660269
625,48.1500917029276,239.84190743223266
626,23.01562815001756,169.72819645722157
627,31.04455546104588,143.12757333032624
628,68.81144701949212,260.0533460782195
629,1.8686476160739232,187.09280644631457
630,14.546831094119861,189.9666793417981
631,62.474593747801286,253.1277656739623
632,112.78833771653068,222.2492003760264
633,35.838955610420044,218.2355108832643
634,37.97647511765344,286.6000937960433
635,5.668066927033169,174.2592707847943
636,29.657162304177543,237.1136051232495
637,38.0303399527645,202.28052499588338
638,13.884640163032666,210.74369115453027
639,15.683730593927192,261.13873705650127
640,23.6832492401236,220.31343025158495
641,1.0137680375157256,221.5318431619853
642,19.436238062806787,242.90029349239208
643,11.877846781181493,185.40189081828458
644,19.837461511599134,166.43161330643974
645,6.378155164239063,158.20763223915867
646,110.60399499715123,121.34573642495992
647,45.019940693977986,282.24828519761286
648,56.83164789465158,155.87166537113268
649,77.83545161888956,191.14985505656912
650,34.50182109244426,188.92746800444317
651,4.546604725872792,212.29626791236404
652,38.51291816474113,232.62948850157187
653,44.19615289356868,234.4189395343898
654,68.41083244042046,176.67690245724248
655,28.251732469149104,193.31513144854355
656,6.824233336465611,211.30319801953198
657,16.688109013085196,190.0523549526581
658,22.555741273731172,264.2938230407997
659,51.91123058109308,219.63899806553005
660,42.28908606007098,229.3951114419927
661,22.010337982590308,226.5152507466965
662,215.3097886084906,246.938954299413
663,46.541650423360466,207.24086234814828
664,13.539726437839997,148.12672208176613
665,5.367150231244342,215.98751807010566
666,8.294414629491294,173.94572424832683
667,14.115342469757048,178.85533273000974
668,8.758243747714701,223.45456075020374
669,10.32458727272902,249.53132285734543
670,16.780292410772326,200.85086306944245
671,9.52012168314435,212.35332050395854
672,113.53757246779577,268.08859778540955
673,4.181785629600008,209.63012717954274
674,37.170617505635136,304.0673245672158
675,26.415277824465118,222.62038582526176
676,201.93210830079602,129.5694896337673
677,5.941367284870245,230.1336648441813
678,25.36289968712152,215.24633539531112
679,174.45298320633574,251.59011016330982
680,100.31220309840774,226.92725405079833
681,84.93315170180897,194.46176064064906
682,14.913754176675232,151.02807054842538
683,9.369976639324376,191.639069708559
684,55.22797993408918,165.979181831628
685,132.51925474799776,176.7790620078111
686,40.682521095237114,223.5431361768244
687,42.386378072929325,266.79618017405625
688,16.423751540532542,215.78686119291925
689,73.37368792060443,152.1646775185926
690,10.353899107303542,217.78410672880563
691,19.554390655961633,247.86525946582606
692,27.707227503491527,175.60868382722472
693,35.42424813223492,194.6393133330833
694,13.88062917848029,200.5875277891679
695,6.099163607206772,168.60406747671038
696,1461.9594690155027,225.93121735375436
697,17.02816842182709,195.16207405568875
698,43.522653414622184,216.7812977562811
699,8.38323763853399,164.50031288791598
700,32.80606890142638,182.50166798706357
701,38.02736240645389,228.89525431311085
702,2.6607325728560665,185.08667391632932
703,20.51918006902116,269.0785540493362
704,7.21746634159658,184.0145525754159
705,91.66116228153484,208.98738903007543
706,230.0600655697662,237.30363327492358
707,19.456501125971013,143.26537068267874
708,83.00353068849493,129.56764752076896
709,14.69444171467007,138.9737474171962
710,57.20706755101757,250.5033641370873
711,71.40331114141043,177.92567416430214
712,45.27232970845699,302.3279714267301
713,31.892832202263588,177.43009605370446
714,26.537890675268887,207.38205212788148
715,21.45216508519874,261.684398102715
716,132.62780241103906,280.2437155263649
717,88.7803535570899,282.4601430654559
718,167.65881947078458,248.3346492237257
719,6.6364270918052775,240.9625010324585
720,65.62756817302538,223.70107796804731
721,139.30636326306202,231.13444304666552
722,9.997790485039884,177.95257134685866
723,3.4405158736248436,167.27204466310772
724,67.5696576594311,199.86502170356192
725,42.72135720993349,193.19261509900286
726,92.2038570660739,181.870878026909
727,7.52791232070963,227.85549789826862
728,79.3025055515934,238.21220834282042
729,11.258988653351148,203.5362754516739
730,8.9357599482759,259.1012032422105
731,8.972232827997535,154.3324354346598
732,84.25516412820043,192.2536216288113
733,54.710681950798445,171.32710717588782
734,37.018797817302215,125.3385353170776
735,22.22307008390341,196.69277256629204
736,104.86013336471662,195.13009966466865
737,24.915637484872246,260.53798972968525
738,84.80413314240349,225.2324673821911
739,28.913744055694018,159.03252702683181
740,23.655978290886857,274.1637026533675
741,31.05805299498013,248.84134782101412
742,17.932263771532103,223.28390813874464
743,68.83886564684697,190.94063604600672
744,34.9301407847798,161.62243053106081
745,13.212126549853261,185.11172895715788
746,114.91699247752918,243.54994478816744
747,24.216587117935564,275.38345223738435
748,39.21411910888818,261.72974113088753
749,118.47478043548132,180.44602312854903
750,48.93996519286654,155.21530266843956
751,6.215730792888988,205.63544987644815
752,140.53083419661044,129.26242537748595
753,49.40384644674131,212.92670856739124
754,20.39131577756547,194.09589654805325
755,7.498841030821291,181.35853992527032
756,79.00006978401335,136.21187730932817
757,48.38877537814262,220.54400426278866
758,38.12069290245141,178.69196641352355
759,112.16516652682228,153.2033265715885
760,77.6995006848036,85.10951146873403
761,8.224566006317044,198.89940379797454
762,18.678127569790025,270.8900638667898
763,14.283480927441897,266.4503685819148
764,68.11840309342058,181.71614973654914
765,1.7053769928918965,175.91151758552877
766,42.18567781930715,218.75097024300095
767,71.87068579298894,160.06458243246834
768,104.6833672192969,212.07167599277864
769,20.933729677254632,230.64321113538762
770,86.09039817705015,249.0773289553723
771,5.862194254938867,195.99383694080188
772,93.68719786058438,191.85304999292137
773,6.818981526403542,164.88069652973755
774,25.315731560493216,166.9247858384056
775,79.8002681663245,190.94084432393893
776,8.121089496020808,214.69462027264711
777,13.019651122237546,236.54338504932997
778,64.05215488224528,167.8728419727862
779,63.65480859958473,259.7075427583809
780,51.24221043686954,189.15505595829725
781,59.20008545438085,199.14530822606255
782,39.12345505978191,170.11153283408706
783,14.504184962970495,103.03038958908233
784,21.20915968966317,235.361815854442
785,10.020063725826592,229.47375588369732
786,119.54380696618259,188.74689771527147
787,43.780452731829925,202.67962868899488
788,25.612282973951118,220.63756870816397
789,30.995375316058166,137.4981657245383
790,147.14118684986056,178.8378929061482
791,8.323477506425034,231.77058718487308
792,44.122230455427704,149.82842307323003
793,35.24972203965886,211.74231728666518
794,47.26721590015364,145.7367278150638
795,0.9138090203248618,218.65719929734107
796,102.83467612703483,198.57434070810066
797,134.4994268345626,135.39472736377962
798,41.63577319716988,246.58957417828685
799,59.64353702629791,170.61633692807803
800,127.87346789228131,167.58990251942475
801,61.41987266962591,208.0227678892377
802,8.275525456206086,245.9454939771486
803,42.93510749262801,159.36712724086414
804,46.66104285170075,202.46719399391887
805,27.593725196141055,217.1526600132229
806,66.6745151941696,227.72422429052577
807,136.18384428812374,207.057662211089
808,129.89381065270587,185.3188864366671
809,29.968214815180882,166.89639117405122
810,6.008935227589209,203.445755321855
811,209.45869945603533,157.11443952057573
812,91.28590554092214,83.14598066021571
813,6.65729798585317,217.4623921663067
814,126.8153970481638,236.15739364344782
815,101.97119656134316,105.48270257832647
816,36.57756929843246,159.6107718116025
817,44.73568934145374,224.7661704402079
818,25.458242170450678,282.299818788468
819,2.8159074621646893,200.8317483070163
820,20.41324431503706,170.87988235083463
821,81.19039555330893,192.6841423558064
822,0.23213920331714424,254.9950567659274
823,20.285694829508436,174.1614328350186
824,25.38890474273391,168.03231973398985
825,38.54415120619409,180.6902591127187
826,126.19627380765208,161.8668556696515
827,21.258855544539504,204.9068126397918
828,21.305324297924763,264.9871383387824
829,66.87544758327829,212.92317092464117
830,30.09388867461697,189.9058599149485
831,12.71912368513627,188.32754924337823
832,30.114117528807753,137.47236765213373
833,7.590996096569352,235.32439108588636
834,9.702725160404837,196.88651211948792
835,34.494402140140885,192.78080345637497
836,27.14381081280035,327.72430271379443
837,123.16463676264064,211.95011633462744
838,22.501729151986414,169.92835799619263
839,43.4451191892636,182.94569615177826
840,1700.6643132803417,245.9378283678702
841,0.6590472412829613,204.53081642151056
842,54.46340985179945,142.46888086730533
843,9.80293200996241,236.76915738300815
844,162.29991361362133,173.27423657844025
845,8.047345215509004,274.9319110487018
846,26.775055726830345,243.20192262858595
847,4.460671882525157,182.10712417364996
848,288.40408075753794,251.24065446940452
849,34.877343282911305,202.71422042109614
850,45.24096620444729,234.11094700488877
851,-3.4716025414127083,219.389312691779
852,69.30681276079996,166.14573380036506
853,11.78014191251316,174.25800670730152
854,114.16574284058152,241.19843270324645
855,11.479441408041668,186.60898671573835
856,10.578521490440792,183.85406147032012
857,1.8617170928836084,161.79509682602588
858,31.939289664773195,216.94396262373846
859,41.602205183809026,282.5009967697258
860,3.3983470089578236,157.29868342982908
861,74.70012967991862,200.96877826691033
862,30.191732514681085,256.48882221661717
863,37.15788272962984,196.81434435017138
864,29.059073589379015,218.09487184998935
865,25.60491006374607,157.50425887412482
866,41.00817285689374,217.13228388830595
867,8.435150338047775,192.51422939981805
868,10.040254310431274,239.4291998271945
869,98.94746641480701,247.49544206259003
870,146.04558546323426,303.58254568074454
871,23.36510937375693,223.18532692854302
872,15.7865682846333,213.03185266328666
873,51.641163254722855,207.77537206309344
874,26.274478380362314,185.87334828757247
875,1.2857074366323515,213.53935373846764
876,8.489180164975531,188.18394359443883
877,62.934162992652276,206.73843905078456
878,53.782489115876785,252.7039014243184
879,1.3734928942220048,159.73829738881435
880,12.54964869333525,245.5951424451618
881,13.13807894754655,252.68460269359463
882,55.72073614139259,195.27725892035684
883,0.9953690646069703,115.12580403965622
884,5.4968029300686405,175.6871205162227
885,80.45092136481207,251.87978186244436
886,9.833885472589268,199.08527750804473
887,52.88495444602884,160.02791070820356
888,13.60243111044976,179.8090031508713
889,5.237001674243566,233.6248010601821
890,13.930975820572364,221.8693427280552
891,64.0547406548516,190.44271603321224
892,96.79181687269647,185.3270235274125
893,88.66254999877822,184.32967403824713
894,25.30712447375442,163.10359262005989
895,55.14383892022975,264.6150275787777
896,11.469670516449039,187.1071812315464
897,17.34667943062584,248.68634083301987
898,113.32993143154522,260.85264207689806
899,0.6543594198142502,239.9324359259184
900,4.4693569815224565,182.73518749127805
901,11.65251401199076,216.14920361346438
902,1.3445267612158442,199.03217574436334
903,10.010150164513638,163.8519255707949
904,43.73843643721833,212.97437126886413
905,27.35931591839002,152.83840835360792
906,111.59315104109137,247.50717553846255
907,85.03479515097392,181.41530810806427
908,20.9136402584516,208.04638623491357
909,15.016312607363927,211.33151486184568
910,-23.876990405426888,189.6438010518369
911,44.61588750716526,223.467752059011
912,15.603085490763643,181.00385373509903
913,48.92811227735438,234.85189189828975
914,26.331801963990557,146.16081279013005
915,40.15336832574222,205.05518318185648
916,28.646269754555604,277.5571599623314
917,17.439998763116655,159.986747015777
918,148.26336105761018,172.89020117900594
919,72.1127251866318,220.5563139863566
920,7.547724906151043,207.1832712775839
921,101.42524638596619,214.02520397094236
922,33.416016483095824,219.56748520590654
923,112.47697451448717,225.3888587424708
924,80.43572269649502,244.38799367824893
925,27.687830962930366,216.3927462771405
926,1.136279473877006,190.3496938152583
927,15.645027388824333,226.90294804810924
928,39.00438778398981,275.9952773958086
929,50.18486659672682,194.69465014469705
930,14.912733996446944,161.01882781317434
931,7.503720941535777,244.2832267714789
932,90.06935435811958,195.18475344185606
933,208.03120815936168,113.09321815943855
934,37.29472734860435,233.89686708601687
935,9.417743183003696,178.58687256184308
936,15.893823586446644,196.37866870783358
937,0.9280943705383004,213.27921322276057
938,122.84442638467785,207.61998719116266
939,6.26405219231015,228.3780726855616
940,42.96203344340779,182.58054517720626
941,16.014066430139646,220.5242319270433
942,40.39177577034926,189.61813289664332
943,52.69443169930135,229.5524192355001
944,88.521959621118,224.61469936052214
945,11.560126375226792,162.58245191821618
946,0.5528364815848598,243.43928464700127
947,7.360403534369526,178.56146219543808
948,115.13857644265909,232.3223119312458
949,103.53006760265613,214.69149253605363
950,45.492215509824625,273.5273470718049
951,45.87918592526734,191.0613607051259
952,54.68671147037563,186.0273281552721
953,9.641101431927607,199.2232157644907
954,122.91047803856507,187.87280868662899
955,27.130481717315902,231.997676077682
956,24.155539966393423,135.34757566253649
957,36.58584663113405,157.85270323414585
958,2.405233214598861,157.28788313683228
959,9.093085252463617,238.01230367894303
960,66.97695452119817,268.424534903277
961,4.321413783592179,195.82203125850114
962,46.21011094925578,193.24713107239958
963,14.075001680022039,202.80208652452725
964,24.65711284625942,246.47513210432763
965,17.0326095977073,162.90587463237705
966,21.977423886142674,209.5347593093914
967,63.478199331934334,239.0079051912972
968,17.628576980277543,220.0437667975938
969,41.78217653528511,207.58326466394973
970,32.317989334513086,240.04184370268564
971,54.48329615463392,91.87070828003051
972,-138.09608237564845,227.11501278123632
973,65.94526356275215,173.83697267490305
974,12.099780662202365,126.77468412574173
975,1.5839839412128922,220.44810398099924
976,15.208465100279394,254.94634180651832
977,45.20303259365486,194.50205941489233
978,2.639763904988734,238.11498188811754
979,34.295297801309445,264.49113031954585
980,45.42144199937801,252.5965781433619
981,20.341593896905017,265.5985811748557
982,73.68249795733674,229.68509964287568
983,5.635945738233899,203.0173455560637
984,3.905525289612351,135.92136752411326
985,65.13237051081964,190.15750047480205
986,34.20851133315343,166.27013618735234
987,58.30213278665705,286.8377086999126
988,28.531199956442865,192.96456750270653
989,14.144812687926581,204.92819227137943
990,85.49118492855979,222.0594150416187
991,80.3260781980095,201.74409785489814
992,59.32244098545607,267.8020416172301
993,15.882680749401604,175.09402553062193
994,44.608043986173215,207.78429820948972
995,22.390498778991102,170.30117657207808
996,4.802536730332661,147.19909955117177
997,124.63499217688208,175.52923636378858
998,7.3565224409760015,198.51852811806353
999,150.02453265613812,182.8279110193096
1000,29.53005063954361,172.30316080504576
